model,stage,cohort,class,metric,n,metric_n,mean,median,q25,q75,mean_ci_low,mean_ci_high
baseline,pre,internal_test,endometrioma,dice,9,9,0.13358111419958113,0.0703617419145444,0.05716320934177695,0.09185371093935678,0.04600172631469229,0.232844373474596
baseline,pre,internal_test,endometrioma,iou,9,9,0.07892606454442598,0.03646369552413195,0.02942254831524492,0.04813766715159728,0.02389316663189593,0.14611118485688607
baseline,pre,internal_test,endometrioma,recall,9,9,0.593897831070178,0.7304736186123806,0.2750199248548332,0.8179156372952695,0.36087614417848385,0.7925725956555922
baseline,pre,internal_test,endometrioma,precision,9,9,0.08104633665816942,0.03714729642710793,0.0327211618687571,0.05513392602398914,0.025532104067774886,0.14740838536315076
baseline,pre,internal_test,endometrioma,hd95_mm,9,9,112.31869697432539,113.39273564604181,96.00520819196214,124.68460643319847,101.12978889893456,124.98690905271225
baseline,pre,internal_test,endometrioma,assd_mm,9,9,47.267815913636156,42.90813608610565,38.79730338157788,56.208589660674214,40.32006144339313,54.673841017401784
baseline,pre,internal_test,endometrioma,surface_dice_2mm,9,9,0.10271873484767663,0.06230435060371814,0.05945762584098147,0.11981864289556597,0.052089803905891185,0.15703019449444286
baseline,pre,internal_test,endometrioma,absolute_volume_error_mm3,9,9,209038.08409788035,180897.375,92882.63157111156,234945.28259844997,127181.14321832472,298343.61120035185
baseline,pre,training,ovary,dice,27,27,0.1693264611728781,0.1391310355946061,0.052657207800373654,0.24433857712801205,0.11673511948053009,0.22636790513509134
baseline,pre,training,ovary,iou,27,27,0.10001448712844957,0.07476670214609273,0.027041426196049788,0.1392656504381639,0.0658366410573116,0.13962010700739394
baseline,pre,training,ovary,recall,27,27,0.4784047465561709,0.5252668123955253,0.23555670729405853,0.6596201855655358,0.3866471462239916,0.5705047815212478
baseline,pre,training,ovary,precision,27,27,0.1179605399146577,0.0811591477013193,0.029957986929682552,0.1704069606147155,0.07689787638423805,0.1646536444549414
baseline,pre,training,ovary,hd95_mm,27,27,129.0793751158851,119.89342972380275,105.68144071514402,153.14961531004786,116.541713486478,142.89423346446588
baseline,pre,training,ovary,assd_mm,27,27,57.141738777211685,50.2814789179618,42.15412432141942,64.25020371582782,48.69158884639752,66.65731455940383
baseline,pre,training,ovary,surface_dice_2mm,27,27,0.12197974039167929,0.10669142970482699,0.06375342708265645,0.18720382507417166,0.0903086900904203,0.1531939229335668
baseline,pre,training,ovary,absolute_volume_error_mm3,27,27,65752.39821014878,54796.07616114487,41508.3774835878,75124.74768955269,49772.671464217485,84962.87056305172
baseline,pre,training,uterus,dice,29,29,0.656104479799917,0.6311568478089024,0.5745072520848674,0.7506883439889643,0.6045576761547007,0.7098695863180653
baseline,pre,training,uterus,iou,29,29,0.5055602559386795,0.4610877782444351,0.40302362318231233,0.600881565762269,0.4489261917784175,0.56672984432323
baseline,pre,training,uterus,recall,29,29,0.8917988024276823,0.9081313623971387,0.8786457336141426,0.931006858044547,0.8647359129176773,0.9143337308610352
baseline,pre,training,uterus,precision,29,29,0.5385734513722581,0.49248706677705456,0.4172434163479775,0.644507663883016,0.4778740649494211,0.6050415084213538
baseline,pre,training,uterus,hd95_mm,29,29,82.2246846932544,77.39097478980631,66.5018805236058,95.07628601917432,73.47074696366752,92.49931386078642
baseline,pre,training,uterus,assd_mm,29,29,19.191690698615865,17.34046854857925,12.175709691314408,24.99194318403071,16.44725212088476,22.249630246269394
baseline,pre,training,uterus,surface_dice_2mm,29,29,0.41581418656858277,0.42247128242728954,0.38191636003235324,0.4897585879045926,0.3797814091550759,0.45018531360176395
baseline,pre,training,uterus,absolute_volume_error_mm3,29,29,117254.60796571626,107721.27660464229,97534.12497996597,144203.7478608387,98280.53377595523,135544.21954937326
baseline,pre,training,endometrioma,dice,26,26,0.28831890812356964,0.24793571334136774,0.11386938728884996,0.5205102229438281,0.2038712370124949,0.3728484389585998
baseline,pre,training,endometrioma,iou,26,26,0.18912652540889072,0.14164362212961226,0.06037196484263041,0.35184236890223786,0.1272345836391053,0.25215913436560855
baseline,pre,training,endometrioma,recall,26,26,0.7943742379641162,0.8787439754907785,0.7653654954296031,0.9567542091102236,0.7008252023131297,0.873962906324876
baseline,pre,training,endometrioma,precision,26,26,0.20188849897542502,0.14522647203989822,0.06236906895346489,0.3618998440189469,0.13641479645795274,0.272631592049295
baseline,pre,training,endometrioma,hd95_mm,26,26,109.14651107857054,108.31709907726766,87.18885851805581,128.78342835484602,98.15746940609351,120.0087407048801
baseline,pre,training,endometrioma,assd_mm,26,26,40.586520470072436,38.83964570208322,30.797810391548555,58.36098301069078,34.76678256551887,46.5554314666825
baseline,pre,training,endometrioma,surface_dice_2mm,26,26,0.22871103729783918,0.21736713377781017,0.10639135115915906,0.33312978736701354,0.173746584932199,0.28752148641158726
baseline,pre,training,endometrioma,absolute_volume_error_mm3,26,26,165313.89348167597,131225.62545890437,102900.55938821995,210920.05508984893,131472.85134592967,203574.68393481692
baseline,pre,internal_test,ovary,dice,6,6,0.04864741679691812,0.027147855524320256,0.009628415393254097,0.08973548173948233,0.012385576164900018,0.08663372260983103
baseline,pre,internal_test,ovary,iou,6,6,0.025579230394959462,0.013780254828012109,0.004844150343857179,0.04724847353529961,0.006266731206709653,0.04590594267716993
baseline,pre,internal_test,ovary,recall,6,6,0.14365026705907294,0.08618713213309678,0.03857811365236382,0.138862766130136,0.038197770261647876,0.2909328877407788
baseline,pre,internal_test,ovary,precision,6,6,0.03348081017639668,0.015935074990975417,0.005620109043824731,0.057654724758304576,0.0071550491464037885,0.06448622128664334
baseline,pre,internal_test,ovary,hd95_mm,6,6,124.34159307070024,117.4734072820606,107.24291510276831,154.7295212281137,96.98467924391791,150.80501006704947
baseline,pre,internal_test,ovary,assd_mm,6,6,56.7577446001255,66.46909588087868,45.006986107108645,67.8239508467251,41.10963686076881,69.30806467266335
baseline,pre,internal_test,ovary,surface_dice_2mm,6,6,0.06330731300699464,0.03345583089321907,0.01778801013585552,0.08638272612401017,0.01542212762842298,0.12330117841395638
baseline,pre,internal_test,ovary,absolute_volume_error_mm3,6,6,48663.14397566524,48622.4814087875,28656.250952102175,69338.83445439374,28455.21291689662,68622.16313443541
baseline,pre,internal_test,uterus,dice,8,8,0.43984470141841153,0.3843177838237425,0.3209442715600079,0.5985228143497159,0.34205178933547564,0.5522246289271707
baseline,pre,internal_test,uterus,iou,8,8,0.2957299936974762,0.23847609325492372,0.1911550556870584,0.4271803732522501,0.2126351406141891,0.3940132836259483
baseline,pre,internal_test,uterus,recall,8,8,0.7787465778816068,0.8504680150857071,0.6771760889489415,0.8961005620217496,0.6531790975507433,0.8913282857755667
baseline,pre,internal_test,uterus,precision,8,8,0.3271140565519709,0.29796830926518775,0.21572988421237266,0.4560543495981313,0.23386349378529067,0.42947903899496365
baseline,pre,internal_test,uterus,hd95_mm,8,8,105.26499028967139,92.80840086026247,80.59738640072914,114.83479198103214,79.45825243182018,137.33424232100722
baseline,pre,internal_test,uterus,assd_mm,8,8,29.461726105308898,27.591223508953895,20.02735666541226,33.31995497019433,21.317832811035423,39.465480865401396
baseline,pre,internal_test,uterus,surface_dice_2mm,8,8,0.3001293257953147,0.33039944134281773,0.2223045909299152,0.38071457415135174,0.22666544300719518,0.3670440267802265
baseline,pre,internal_test,uterus,absolute_volume_error_mm3,8,8,188750.88715948444,137242.0293949691,105618.02277193157,225033.625,109791.82181041529,290413.4369121761
baseline,pre,external_test,ovary,dice,68,68,0.10355816776521146,0.09052971095208133,0.022644888948717853,0.16663112636954142,0.0827860847885532,0.12450292677242782
baseline,pre,external_test,ovary,iou,68,68,0.056983723683814304,0.04741248689755195,0.011452686337373522,0.09088800759207606,0.04507263403067257,0.06905276268842306
baseline,pre,external_test,ovary,recall,68,68,0.29881661889157035,0.27324768086304496,0.06105905747459017,0.5136509321759009,0.23721570544577705,0.3590687941728418
baseline,pre,external_test,ovary,precision,68,68,0.06685355872978667,0.053873173442074165,0.012674471154640782,0.10464070941843825,0.05254619585671452,0.08079744297913327
baseline,pre,external_test,ovary,hd95_mm,68,68,123.49590489561388,115.95138562279897,102.89787824815542,138.79103484070433,117.32176031990832,130.55820844571258
baseline,pre,external_test,ovary,assd_mm,68,68,59.4595196602686,61.13029590460896,52.8123268128734,66.48463333491418,56.57951733228863,62.36833394687078
baseline,pre,external_test,ovary,surface_dice_2mm,68,68,0.0855060433812826,0.0820759762726538,0.022101395466721182,0.1357694933743461,0.06851690515333157,0.10141561036682113
baseline,pre,external_test,ovary,absolute_volume_error_mm3,68,68,40213.73336663906,38275.034343953,28344.420028036402,54894.23273446968,35823.69105027544,44659.574756184746
baseline,pre,external_test,uterus,dice,74,74,0.41719240379064165,0.41670500344161654,0.3130077190524858,0.5135897379156024,0.3859368539438024,0.44788230625080977
baseline,pre,external_test,uterus,iou,74,74,0.2740073478711064,0.263206444225877,0.18554609861622418,0.3455238994657378,0.24906975130535744,0.2997762040893082
baseline,pre,external_test,uterus,recall,74,74,0.6255480096025696,0.6492256217633559,0.4994861260687784,0.7665014645474878,0.5827098940901246,0.669080999318553
baseline,pre,external_test,uterus,precision,74,74,0.3342697128559447,0.3092727764260611,0.22496294593281402,0.4287696642130976,0.3027442545303427,0.36793957061981203
baseline,pre,external_test,uterus,hd95_mm,74,74,95.0875796749332,94.1142744548699,84.12652255148087,111.05817899301195,90.91131725715312,99.43862624774671
baseline,pre,external_test,uterus,assd_mm,74,74,31.918406149811855,30.79410524440638,23.427754185724673,39.272206575129786,29.604177833865634,34.3845679410282
baseline,pre,external_test,uterus,surface_dice_2mm,74,74,0.21587031664188372,0.21534467212038041,0.16023825431436348,0.25880590370036927,0.19763066082158862,0.23447079755579775
baseline,pre,external_test,uterus,absolute_volume_error_mm3,74,74,89251.17076347372,90745.31630311054,46923.550129844494,127993.70277404971,77635.53590663723,101354.66927237788
baseline,pre,external_test,endometrioma,dice,11,11,0.07787259728780808,0.04884740489322585,0.022905953577707167,0.10558874804142605,0.0362799869876498,0.13105204979977325
baseline,pre,external_test,endometrioma,iou,11,11,0.04247563314636843,0.025035153588565298,0.011598529729824489,0.05584130908407081,0.018985511466902354,0.07361384534070083
baseline,pre,external_test,endometrioma,recall,11,11,0.31504460481736896,0.27255113024757804,0.16935136466164138,0.3763975574720354,0.17582313998493282,0.49237436475178775
baseline,pre,external_test,endometrioma,precision,11,11,0.05905871535306131,0.03134585715582176,0.01205087429542405,0.06484069190715702,0.02126494174030219,0.11505876282491648
baseline,pre,external_test,endometrioma,hd95_mm,11,11,122.51549574562333,123.54093190811686,105.57032277934513,132.66920950035333,107.61648813724048,138.9634360074926
baseline,pre,external_test,endometrioma,assd_mm,11,11,61.32225749888468,55.96022687068747,45.87284619349933,79.92922601836305,49.49838349433287,73.53785739229693
baseline,pre,external_test,endometrioma,surface_dice_2mm,11,11,0.036061469107343404,0.029538565173459076,0.014426562857527768,0.03816233273859887,0.01685762497778869,0.062456313308017444
baseline,pre,external_test,endometrioma,absolute_volume_error_mm3,11,11,142151.85289904388,125137.9334083113,110253.60141120636,159762.14476565635,98634.34028298035,195978.9471027633
baseline,post,internal_test,endometrioma,dice,9,9,0.012587854862237456,0.0,0.0,0.0,0.0,0.037763564586712366
baseline,post,internal_test,endometrioma,iou,9,9,0.006671857090334999,0.0,0.0,0.0,0.0,0.020015571271004996
baseline,post,internal_test,endometrioma,recall,9,9,0.0066937889883374015,0.0,0.0,0.0,0.0,0.020081366965012205
baseline,post,internal_test,endometrioma,precision,9,5,0.1896516393442623,0.0,0.0,0.0,0.0,0.568954918032787
baseline,post,internal_test,endometrioma,hd95_mm,9,5,42.48018166973369,43.3618494361702,36.00707277681817,43.86343056012425,30.89877327447296,53.92576514739468
baseline,post,internal_test,endometrioma,assd_mm,9,5,25.23158981726205,23.694245894878478,14.08647766769737,29.673376287639957,15.937293538959844,35.62850039336634
baseline,post,internal_test,endometrioma,surface_dice_2mm,9,5,0.03882067932067933,0.0,0.0,0.002857142857142857,0.0,0.11531918081918083
baseline,post,internal_test,endometrioma,absolute_volume_error_mm3,9,9,32155.36404695915,11201.25009214282,4908.75,28773.104967774365,8313.227636391473,71287.23057671073
baseline,post,training,ovary,dice,27,27,0.21973459555175545,0.08387854386847844,0.0,0.3994079759677859,0.12672707024416274,0.3236451802053212
baseline,post,training,ovary,iou,27,27,0.15255229943886855,0.04377517072316582,0.0,0.25200695439530957,0.08289647575241293,0.23398461704982687
baseline,post,training,ovary,recall,27,27,0.22678388817979855,0.09806005846399149,0.0,0.4480711107555016,0.13021950799315535,0.3354463185346941
baseline,post,training,ovary,precision,27,27,0.28060422169135335,0.10141987829614604,0.0,0.5313087519028443,0.1675448834491027,0.4051402947320641
baseline,post,training,ovary,hd95_mm,27,27,55.421317275167155,52.738861180917795,30.037642222258032,73.67785548920378,44.64951391482929,66.3360521415811
baseline,post,training,ovary,assd_mm,27,27,30.671107241938103,21.76876788811368,10.67827058334811,49.547889423214016,22.061067166101566,40.05777477056348
baseline,post,training,ovary,surface_dice_2mm,27,27,0.1977275395281844,0.12986577181208053,0.0,0.36419965402684107,0.12105137215766563,0.28296036228896604
baseline,post,training,ovary,absolute_volume_error_mm3,27,27,16049.81126025774,11191.800063102066,3913.4999282504104,22283.62475459231,10256.22142707748,22252.381127801676
baseline,post,training,uterus,dice,29,29,0.7987508764981847,0.8141449825560447,0.7374759325896173,0.8604540813034054,0.7674952815775999,0.8316533373604624
baseline,post,training,uterus,iou,29,29,0.6734671173526048,0.6865468127047176,0.5841282171375044,0.7550850450042306,0.631081100275899,0.718436546941131
baseline,post,training,uterus,recall,29,29,0.8903935754825535,0.9034539707850451,0.8786457336141426,0.931006858044547,0.8629536241807282,0.9134120175744599
baseline,post,training,uterus,precision,29,29,0.7373688208725188,0.7832547253448704,0.6271780971687584,0.823077212138781,0.689694217093804,0.78865824661126
baseline,post,training,uterus,hd95_mm,29,29,22.132451485490773,21.505813322901336,11.236102527122116,26.92582360139672,17.635918066349483,26.8681235377436
baseline,post,training,uterus,assd_mm,29,29,4.576797805250269,4.225584585647251,2.926291116906605,5.838693280278718,3.7461344636541183,5.424503836113519
baseline,post,training,uterus,surface_dice_2mm,29,29,0.5554446133989625,0.5641354222644785,0.50084,0.6579234505038403,0.5157295667098095,0.5941306305725762
baseline,post,training,uterus,absolute_volume_error_mm3,29,29,47903.86849376599,29832.499557455823,14269.748325870372,61469.998371601105,31621.37546216868,65427.959250722226
baseline,post,training,endometrioma,dice,26,26,0.2658513041696336,0.0,0.0,0.6734621542483504,0.1273977800728316,0.4183396720390222
baseline,post,training,endometrioma,iou,26,26,0.23584590890460644,0.0,0.0,0.5118987709413128,0.10657555867524653,0.37832301423941306
baseline,post,training,endometrioma,recall,26,26,0.25445002695609603,0.0,0.0,0.6188462905250514,0.11428673237392985,0.4062098401478316
baseline,post,training,endometrioma,precision,26,16,0.5268990228857563,0.8009615989119759,0.0,0.9182140024604452,0.3111527199112193,0.738397060949541
baseline,post,training,endometrioma,hd95_mm,26,16,38.23463564235054,46.85661960007907,7.1714048238989285,58.433822401542464,24.098695007676017,52.54140686227198
baseline,post,training,endometrioma,assd_mm,26,16,20.50273875179699,18.477490273954725,1.3125650263691542,35.85144758540828,11.155597304900175,30.433097097998015
baseline,post,training,endometrioma,surface_dice_2mm,26,16,0.38764448078969577,0.2575962343921064,0.0,0.8407204772015804,0.20802234352584234,0.5704514957613162
baseline,post,training,endometrioma,absolute_volume_error_mm3,26,26,33649.387982159504,20138.096963372765,4866.187691338606,45892.81378041416,19241.71634424253,49840.19325841144
baseline,post,internal_test,ovary,dice,6,6,0.06410537684276062,8.362602441879912e-05,0.0,0.11388757972662232,2.7875341472933043e-05,0.14166226130559692
baseline,post,internal_test,ovary,iou,6,6,0.035644213950391156,4.1816509157815506e-05,0.0,0.06161890578290885,1.3938836385938502e-05,0.07952787638803273
baseline,post,internal_test,ovary,recall,6,6,0.10573135294631719,5.213764337851929e-05,0.0,0.09294076076481722,1.737921445950643e-05,0.2758465025541829
baseline,post,internal_test,ovary,precision,6,5,0.06940693166202261,0.0004222972972972973,0.0,0.15067992047713719,8.445945945945946e-05,0.14769755990332106
baseline,post,internal_test,ovary,hd95_mm,6,5,52.52322988868557,46.703854030015144,43.309891327595274,64.3467369390912,38.13242102184251,69.28318541417096
baseline,post,internal_test,ovary,assd_mm,6,5,26.803720395253556,28.17045789571273,17.350545573663712,28.178237923634644,18.889339102613295,35.51379064626006
baseline,post,internal_test,ovary,surface_dice_2mm,6,5,0.1280416372643908,0.006700351493848858,0.0,0.3017109192155597,0.0013400702987697716,0.2594538349681083
baseline,post,internal_test,ovary,absolute_volume_error_mm3,6,6,11556.609379336995,10562.8125,8250.275112104395,13935.156339752102,7123.950113405893,16339.32379313651
baseline,post,internal_test,uterus,dice,8,8,0.5416521696030611,0.5931248558381277,0.3958669075658714,0.7715518999704919,0.33572695319126866,0.7222815517440211
baseline,post,internal_test,uterus,iou,8,8,0.4221098555389111,0.42884629464887614,0.250534529763163,0.630414531975986,0.24208717213557598,0.5926723115948364
baseline,post,internal_test,uterus,recall,8,8,0.6977304410400681,0.8504680150857071,0.6359780375483,0.8960657614983498,0.46515754318541963,0.8913281407733858
baseline,post,internal_test,uterus,precision,8,8,0.5043346331861351,0.6390583832624406,0.292864753920294,0.6979422312522777,0.29832024772872423,0.6858366440968783
baseline,post,internal_test,uterus,hd95_mm,8,8,43.97386238866457,29.126453502627204,17.47236308683131,40.179488398379014,19.698438968798335,79.82127063113275
baseline,post,internal_test,uterus,assd_mm,8,8,21.87323778136366,7.075043162382949,4.248831828985662,13.867678378873197,5.169394988316871,51.2971064659093
baseline,post,internal_test,uterus,surface_dice_2mm,8,8,0.39419497397198433,0.4912985511772674,0.23648829381578598,0.5365752781323857,0.23608944683197985,0.5357452261840239
baseline,post,internal_test,uterus,absolute_volume_error_mm3,8,8,70970.80958503718,30274.58528827892,14470.759450036441,86580.75,20239.202806945515,131268.0938072417
baseline,post,external_test,ovary,dice,68,68,0.21695016219432323,0.03226139121555628,0.0,0.42494718214617966,0.15753435222711903,0.28170371802534194
baseline,post,external_test,ovary,iou,68,68,0.14951768467685458,0.01653436909755586,0.0,0.26983344774801216,0.10612336014355021,0.1996244666097674
baseline,post,external_test,ovary,recall,68,68,0.19832654821715887,0.021505782353595168,0.0,0.37579229505571093,0.1415612657265666,0.2612373158510091
baseline,post,external_test,ovary,precision,68,68,0.2885358442570454,0.07589404826526575,0.0,0.560229799851742,0.20888738330548018,0.36988205514656497
baseline,post,external_test,ovary,hd95_mm,68,68,63.47431239546226,67.78556351701388,47.934942907225405,78.78566297681742,57.210162453384534,69.9164759043065
baseline,post,external_test,ovary,assd_mm,68,68,32.786880574466366,27.600420108378945,10.158655621229016,45.42115165134143,26.706514094475377,39.4837792181673
baseline,post,external_test,ovary,surface_dice_2mm,68,68,0.2092528400419229,0.09701973293304564,0.0,0.3914795659502256,0.1514716527152196,0.27164560317784975
baseline,post,external_test,ovary,absolute_volume_error_mm3,68,68,7537.047347240864,4439.75203028465,1491.5546398694496,9637.808139250737,5349.45857878121,10247.880220509678
baseline,post,external_test,uterus,dice,74,74,0.5074840432032949,0.5708616410296227,0.38493067341951903,0.7142850523237801,0.45161702818386057,0.5613251690412272
baseline,post,external_test,uterus,iou,74,74,0.3731095597899679,0.3994508301367699,0.23844560689634042,0.5556099182347785,0.3262785983752557,0.41980326495874143
baseline,post,external_test,uterus,recall,74,74,0.5509625248196767,0.6240056507128042,0.38498058374334826,0.7665014645474878,0.48574267247151814,0.6158108250558476
baseline,post,external_test,uterus,precision,74,74,0.5219532273612973,0.5125675760952806,0.35654572274654084,0.7665632930203614,0.4585176437917846,0.5867776820565717
baseline,post,external_test,uterus,hd95_mm,74,74,38.29543016845688,31.647877171097885,20.823758189311558,42.486219334999404,32.11753451736052,44.90067138542933
baseline,post,external_test,uterus,assd_mm,74,74,16.96481014485415,8.873546543500424,5.9596573980541425,13.856949216898837,11.900572149409436,22.862707395368485
baseline,post,external_test,uterus,surface_dice_2mm,74,74,0.3067110509577934,0.3130290182997166,0.19431451332713884,0.4092267770911312,0.2655166420118895,0.3477178664071329
baseline,post,external_test,uterus,absolute_volume_error_mm3,74,74,43091.57050474694,33182.68864979124,15650.27571731709,61611.18075672214,35571.23713200607,51069.921962475346
baseline,post,external_test,endometrioma,dice,11,11,0.10649260757050515,0.0,0.0,0.0005627066188366041,0.0,0.27368799045041575
baseline,post,external_test,endometrioma,iou,11,11,0.0761738172828481,0.0,0.0,0.00028151171792525865,0.0,0.19803965919163333
baseline,post,external_test,endometrioma,recall,11,11,0.13790414098276585,0.0,0.0,0.000411713241727137,0.0,0.3648767409780626
baseline,post,external_test,endometrioma,precision,11,5,0.24686984207021662,0.0017771853826502276,0.0,0.3357334226389819,0.00035543707653004554,0.6052498459254669
baseline,post,external_test,endometrioma,hd95_mm,11,5,45.65323758111281,43.66711976244671,16.772867628371923,73.77984557842457,17.842570991783443,73.46390417044219
baseline,post,external_test,endometrioma,assd_mm,11,5,31.210685692889093,25.00590995119616,6.779566004485054,46.39806171147607,8.525689044894582,56.13843904227315
baseline,post,external_test,endometrioma,surface_dice_2mm,11,5,0.19466013391019904,0.018977332630469163,0.0,0.31230283911671924,0.0037954665260938325,0.4476728665056279
baseline,post,external_test,endometrioma,absolute_volume_error_mm3,11,11,32080.820536693256,14388.426972249104,3372.7044353202086,47686.15648600146,12192.104146327032,57837.00346884273
r6,pre,internal_test,endometrioma,dice,9,9,0.22473708071894669,0.16924836995362053,0.11001091135290579,0.22912304815483706,0.10093052031013243,0.3703173826061511
r6,pre,internal_test,endometrioma,iou,9,9,0.145267255389911,0.09244747740540471,0.058207167445424035,0.12938394613815635,0.05566723996904152,0.26078038273853926
r6,pre,internal_test,endometrioma,recall,9,9,0.6651754838118767,0.7660672400312745,0.4682506102522376,0.9377502076489648,0.43914150687624426,0.8502877791586847
r6,pre,internal_test,endometrioma,precision,9,9,0.15172695281219342,0.09789385340900009,0.05894069714803078,0.15927827033753306,0.06012196899583417,0.2674031958446782
r6,pre,internal_test,endometrioma,hd95_mm,9,9,92.46741786962785,89.21349079063685,85.0235261559999,95.06215067049268,81.3868229968247,105.38785423718414
r6,pre,internal_test,endometrioma,assd_mm,9,9,39.50660558299858,38.91129901443582,35.181226251297936,49.01385565180759,33.269971176645484,45.60634368741595
r6,pre,internal_test,endometrioma,surface_dice_2mm,9,9,0.1646195560136347,0.13395491131587572,0.09357631125023957,0.18014293398908784,0.08509166023272485,0.25471053892836376
r6,pre,internal_test,endometrioma,absolute_volume_error_mm3,9,9,134655.4078194638,92347.5,34296.250282125045,113891.52125961847,60045.42455126239,223502.7954202408
r6,pre,training,ovary,dice,27,27,0.43279133592652175,0.3825778971955483,0.29506286836778783,0.5703196536964659,0.3532190729189787,0.5105799984692209
r6,pre,training,ovary,iou,27,27,0.3000160547364492,0.23653559360428897,0.17308749189955017,0.3989141515989613,0.23103296294644532,0.37167705765818043
r6,pre,training,ovary,recall,27,27,0.861370169772344,0.8882551000198059,0.8238895590701567,0.945535744293782,0.8203209798242929,0.8999337132274271
r6,pre,training,ovary,precision,27,27,0.3214118375042706,0.2558578794221247,0.18302697483604696,0.42594870031672855,0.24481396401706984,0.40478813868809305
r6,pre,training,ovary,hd95_mm,27,27,104.46270957054939,103.84026852448493,85.05550918271955,117.99188867168047,91.74905531997678,117.80138916497903
r6,pre,training,ovary,assd_mm,27,27,41.29390420629037,42.19307187174854,25.232777845387332,51.5662959744289,33.76323235596295,48.927199529595875
r6,pre,training,ovary,surface_dice_2mm,27,27,0.33811335938315024,0.26650582758503516,0.22949263968617445,0.45466236115977915,0.2731756522852714,0.40290860327430056
r6,pre,training,ovary,absolute_volume_error_mm3,27,27,30537.87515778151,22496.500557224103,19367.7754868876,29385.376416612162,20888.542253861888,43680.200923161356
r6,pre,training,uterus,dice,29,29,0.8239294231770471,0.8341306061105919,0.8036321820849359,0.8984416161487924,0.7880472984199834,0.8597068693012815
r6,pre,training,uterus,iou,29,29,0.7113764528908175,0.7154580182672808,0.6717266797475738,0.8156096211693386,0.6633942746997233,0.7610223427742182
r6,pre,training,uterus,recall,29,29,0.9368293867031092,0.9384900163864781,0.9194834145041312,0.9619468233338494,0.9240774113354104,0.9475304895999238
r6,pre,training,uterus,precision,29,29,0.7456729184995317,0.7576630414139751,0.684837630365051,0.8532919642088962,0.6960232641156725,0.7956393778145061
r6,pre,training,uterus,hd95_mm,29,29,57.4811946282292,50.88538458186825,45.02499245791048,72.18812285527892,48.051607806691564,69.11405180739241
r6,pre,training,uterus,assd_mm,29,29,9.806548685696155,8.432034504009852,5.4181952396338815,10.775350577411846,7.830774955419839,11.927239260135579
r6,pre,training,uterus,surface_dice_2mm,29,29,0.6783172742564837,0.6970616266426836,0.6271516615212859,0.74453,0.6414866963851872,0.7107327012995219
r6,pre,training,uterus,absolute_volume_error_mm3,29,29,47199.17111786119,34403.87096373122,27583.50120133474,54704.00429499042,35124.59472948528,61718.136589068345
r6,pre,training,endometrioma,dice,26,26,0.4094381383228437,0.3896954694124404,0.2512342326059039,0.61291222986231,0.3207242404864241,0.5022873796975599
r6,pre,training,endometrioma,iou,26,26,0.2888618637001041,0.2420257105538362,0.1436637556713891,0.442010320318484,0.21416535977813247,0.3706293433167699
r6,pre,training,endometrioma,recall,26,26,0.9021695719253079,0.9314977785179459,0.9081599607091304,0.9548634463805136,0.8322964936991979,0.9416825461752225
r6,pre,training,endometrioma,precision,26,26,0.29717224012158394,0.2474015998415595,0.14596507100710637,0.4696110264201393,0.21925942178486174,0.38280096735654984
r6,pre,training,endometrioma,hd95_mm,26,26,82.36804131164851,85.09790006559892,72.71303809293688,96.03067523809119,73.18301172624244,90.3759962926192
r6,pre,training,endometrioma,assd_mm,26,26,32.448460917618334,32.221971144198186,24.068392827124452,38.74666650411892,26.930292075231332,37.776382185284376
r6,pre,training,endometrioma,surface_dice_2mm,26,26,0.31429626539492533,0.2822868749446593,0.19050375686296359,0.4306513855840468,0.24488828875737065,0.38993077663511
r6,pre,training,endometrioma,absolute_volume_error_mm3,26,26,109351.15796662193,81868.10363513842,50139.262630147205,134376.1824030684,76448.82895674759,154394.90650818977
r6,pre,internal_test,ovary,dice,6,6,0.11723812498640156,0.12187832457228558,0.0772615546095966,0.15991771334596372,0.0628891043455321,0.17119505516559363
r6,pre,internal_test,ovary,iou,6,6,0.0638260815033972,0.06518272837562435,0.040200719791397714,0.08691330014854035,0.03366518759992,0.09428074201732352
r6,pre,internal_test,ovary,recall,6,6,0.2737135877862813,0.3424509119115949,0.14507274455124392,0.37558439925373455,0.12747310544499188,0.3997061292986135
r6,pre,internal_test,ovary,precision,6,6,0.07808465483520395,0.08259057773343934,0.05532448404511068,0.10424200438285285,0.042185281630355356,0.11273064616498431
r6,pre,internal_test,ovary,hd95_mm,6,6,107.25190105361666,97.64751550434254,88.11024381847555,119.25998217351189,81.44152970721461,138.66138625448366
r6,pre,internal_test,ovary,assd_mm,6,6,46.23376745828995,48.58042990114917,30.90713799365003,59.707258840842236,31.07444654110056,59.60273818758363
r6,pre,internal_test,ovary,surface_dice_2mm,6,6,0.10300642794096772,0.1042786736789568,0.07149931887586439,0.13595905360488916,0.05572094142782157,0.1550054177781767
r6,pre,internal_test,ovary,absolute_volume_error_mm3,6,6,27219.66577433505,24851.541580525154,15404.83377845602,28274.375,15522.73007269012,43776.61139174464
r6,pre,internal_test,uterus,dice,8,8,0.5778735506686985,0.6280251704671773,0.467374327722943,0.7148135074367833,0.43994487668245824,0.7079824151800741
r6,pre,internal_test,uterus,iou,8,8,0.43473312170512796,0.46180812007277205,0.30876530218708637,0.5564321212561378,0.30171404649301364,0.5627564191796954
r6,pre,internal_test,uterus,recall,8,8,0.806901391555765,0.8291777449225601,0.7200393727991611,0.9211445674490623,0.7106596928521866,0.8927573287232538
r6,pre,internal_test,uterus,precision,8,8,0.4895509623090471,0.5695775116254291,0.36321245434718513,0.6132164732871721,0.3424006809158898,0.6176611154740664
r6,pre,internal_test,uterus,hd95_mm,8,8,89.59365544402735,80.61782542578852,50.850858266906954,114.71571729648213,54.941903642590276,128.75993971298558
r6,pre,internal_test,uterus,assd_mm,8,8,20.396647747724405,16.930732050262726,11.974097521171794,22.615486185624384,11.975747978415484,31.460418631455212
r6,pre,internal_test,uterus,surface_dice_2mm,8,8,0.40424844502516266,0.40425054965746565,0.26589722046139636,0.47349525554831684,0.2878807644518497,0.5300655974421811
r6,pre,internal_test,uterus,absolute_volume_error_mm3,8,8,105456.34092926585,52269.31630594059,29011.34392989752,105368.93871199043,33746.35230322031,206861.88500419792
r6,pre,external_test,ovary,dice,68,68,0.15125399100672288,0.13456898177664495,0.07032595926349053,0.22470161320662585,0.12498962559953772,0.1800259888767046
r6,pre,external_test,ovary,iou,68,68,0.0860662730974647,0.07213867857398615,0.036447987890896115,0.12657253351421666,0.07019979783893858,0.10399374135390593
r6,pre,external_test,ovary,recall,68,68,0.3704522868083431,0.40270358925088906,0.18339100346020762,0.5454475485254399,0.3174374361808298,0.4222740804507397
r6,pre,external_test,ovary,precision,68,68,0.10428640268439893,0.08180514965563057,0.039818696354918276,0.16693495748281767,0.0839287106842534,0.12716578306413187
r6,pre,external_test,ovary,hd95_mm,68,68,108.49385868153004,107.28748785417184,87.91784982914828,123.75025858247872,102.74091393323144,114.64972161136383
r6,pre,external_test,ovary,assd_mm,68,68,51.04112646243224,49.297873105933704,42.18676297710525,58.50859007247248,47.559080304662096,54.40940804415189
r6,pre,external_test,ovary,surface_dice_2mm,68,68,0.12903626765565576,0.11506398342697857,0.06821337040106307,0.18259588947069827,0.10666934416967419,0.15311181303139745
r6,pre,external_test,ovary,absolute_volume_error_mm3,68,68,36245.12682258023,27769.83415103599,18368.050579426814,45767.468792141684,30226.84798637284,42946.36952937616
r6,pre,external_test,uterus,dice,74,74,0.6448932942598984,0.6512395237087432,0.5833438686990711,0.7285659923992976,0.6195419595046263,0.6702843162411167
r6,pre,external_test,uterus,iou,74,74,0.48620124219063093,0.48284311716265227,0.41177690142083867,0.5730280573825021,0.45879322280365775,0.5144010297104447
r6,pre,external_test,uterus,recall,74,74,0.7154874257656885,0.7253561774424647,0.6593618650722439,0.8032612635962455,0.6859036195051169,0.7447319053534499
r6,pre,external_test,uterus,precision,74,74,0.618478759700964,0.614209694689223,0.5123211617423143,0.7559343218638029,0.5833345102787129,0.6534511408781196
r6,pre,external_test,uterus,hd95_mm,74,74,66.62153392418308,67.51864845680718,52.768615777120225,78.09113899014606,61.598899430510016,71.31368229196083
r6,pre,external_test,uterus,assd_mm,74,74,14.479641520310869,13.87210923073446,10.065839105324933,17.285675606872797,13.119077225354458,15.917104111596332
r6,pre,external_test,uterus,surface_dice_2mm,74,74,0.39975430998938377,0.4081517663391519,0.3404309233868703,0.4575829779162599,0.3742604348919268,0.42657998396949914
r6,pre,external_test,uterus,absolute_volume_error_mm3,74,74,30021.614108697442,22612.500043349057,11847.712545126746,43750.102795428706,24067.99217618083,36167.5449762739
r6,pre,external_test,endometrioma,dice,11,11,0.14341428600429607,0.07372893991352318,0.019497905181196887,0.18384759059763567,0.053624472543064614,0.2604858219905344
r6,pre,external_test,endometrioma,iou,11,11,0.08831430469259398,0.03827547505708425,0.009941693234882221,0.10128682673439415,0.02905598566122865,0.16968292804108578
r6,pre,external_test,endometrioma,recall,11,11,0.4185779178558566,0.5358974358974359,0.15613256025393923,0.5842962809402519,0.23401244034702443,0.5943248372557816
r6,pre,external_test,endometrioma,precision,11,11,0.11074036830571092,0.03832367814310348,0.01003984992410622,0.11324129675376461,0.03198210604956039,0.22352920785485947
r6,pre,external_test,endometrioma,hd95_mm,11,11,99.89729136339248,86.67600612550156,77.52615294386231,119.37871020048422,82.09858402260191,120.74592080313626
r6,pre,external_test,endometrioma,assd_mm,11,11,46.071519617928665,44.49427218014261,31.704149651107173,57.796856602605544,34.74433157312766,58.3663888210673
r6,pre,external_test,endometrioma,surface_dice_2mm,11,11,0.07059744652917598,0.06493303046917835,0.017197410371614822,0.09920086276956325,0.034656907941716025,0.11379441800403649
r6,pre,external_test,endometrioma,absolute_volume_error_mm3,11,11,173783.9014149128,119761.96109143534,56428.12322085706,170707.39316155761,81679.7198163727,313655.85926945816
r6,post,internal_test,endometrioma,dice,9,9,0.32814827957822995,0.2351417877735442,0.0,0.6275143441271516,0.10253665209504267,0.5683107877745188
r6,post,internal_test,endometrioma,iou,9,9,0.26358426563628495,0.1332355121474043,0.0,0.4572101292585652,0.07218629138097378,0.48347772729617156
r6,post,internal_test,endometrioma,recall,9,9,0.3571555083732788,0.38039754751150967,0.0,0.656938097216452,0.12460690005234785,0.5869410848923282
r6,post,internal_test,endometrioma,precision,9,6,0.5325540473789955,0.5566225348901238,0.18084953209068103,0.9339889733717899,0.21783965104658246,0.8303246414575691
r6,post,internal_test,endometrioma,hd95_mm,9,6,22.737134657851062,24.798292657496244,5.250010752225824,39.02651050002981,8.33386109411278,35.63445530467421
r6,post,internal_test,endometrioma,assd_mm,9,6,9.817555006289767,9.928881213655503,1.5528781811548968,16.03062283430999,3.1991760470209853,16.343781167573848
r6,post,internal_test,endometrioma,surface_dice_2mm,9,6,0.44346075414236324,0.30873713146495607,0.21570412526635072,0.7223448569955655,0.17478655257013434,0.7442059415698729
r6,post,internal_test,endometrioma,absolute_volume_error_mm3,9,9,32269.09333365318,15961.058227874975,908.999983633059,28311.507819233524,7228.944048629025,72079.213730289
r6,post,training,ovary,dice,27,27,0.4291908625390333,0.5721759809750298,0.0,0.7769179778322153,0.28194302957378514,0.5685635433889532
r6,post,training,ovary,iou,27,27,0.34794038000269467,0.40073284477015325,0.0,0.6352694010669491,0.2258325289525342,0.4688006595437139
r6,post,training,ovary,recall,27,27,0.5292403817830726,0.8433107987902508,0.0,0.9152507134670844,0.3578805057827292,0.6914916930285389
r6,post,training,ovary,precision,27,27,0.4020390551539106,0.4136389684813754,0.0,0.7566902185315032,0.25824387437923274,0.5415401709058202
r6,post,training,ovary,hd95_mm,27,27,48.76395616025944,52.55673283322112,12.147496465577515,70.48422326797345,35.91820247160892,61.14422757584454
r6,post,training,ovary,assd_mm,27,27,26.072866444105145,18.268394514428838,2.540575120440307,37.92508137824784,16.088414027614924,37.86042769465437
r6,post,training,ovary,surface_dice_2mm,27,27,0.415118817461181,0.48580637163753565,0.0,0.7195172116696296,0.27522626353657376,0.5469235168356975
r6,post,training,ovary,absolute_volume_error_mm3,27,27,10711.510746600312,4638.750086711353,3223.5000847499578,10088.3130594634,5731.842144365017,18081.510740045676
r6,post,training,uterus,dice,29,29,0.8919563159516011,0.9143485422699429,0.8804125219426565,0.9388667910016669,0.8638675679792651,0.9158310727042024
r6,post,training,uterus,iou,29,29,0.8116971383224091,0.8422118680535977,0.7863722479911152,0.8847775029941051,0.7701766383416816,0.8470559580586614
r6,post,training,uterus,recall,29,29,0.9361680400300382,0.9384900163864781,0.9194834145041312,0.9619468233338494,0.9223170909490271,0.947453541955315
r6,post,training,uterus,precision,29,29,0.8595929828326138,0.8944596214697038,0.845689148976403,0.9252165053489557,0.8155497831795415,0.8947459783663285
r6,post,training,uterus,hd95_mm,29,29,12.07827421015479,5.499999624391697,4.000000157026554,15.99999958681414,7.824227619079618,16.922620125879277
r6,post,training,uterus,assd_mm,29,29,2.052654252700839,1.2289735932401482,0.9089293060985738,2.361867125322575,1.4070543587596909,2.8700067653893777
r6,post,training,uterus,surface_dice_2mm,29,29,0.8102796766280589,0.82809,0.75776,0.87861,0.7768941830568382,0.840666955100288
r6,post,training,uterus,absolute_volume_error_mm3,29,29,22030.437537074296,10366.252560222549,5391.000234792379,19995.00220690384,11161.924552076496,36257.04132398673
r6,post,training,endometrioma,dice,26,26,0.22542493198106672,0.0,0.0,0.47824210603198153,0.09166889755330056,0.37693823155713096
r6,post,training,endometrioma,iou,26,26,0.19909799924684995,0.0,0.0,0.3501357315804889,0.07764503923626133,0.33751271565320384
r6,post,training,endometrioma,recall,26,26,0.24969769343803427,0.0,0.0,0.657586174598884,0.10625846951057441,0.4245846859016217
r6,post,training,endometrioma,precision,26,13,0.49356539675753386,0.524479568234387,0.0,0.9237012987012987,0.27029574436115056,0.726206317207272
r6,post,training,endometrioma,hd95_mm,26,13,42.06953115413341,31.048348702122162,5.00000014854386,72.11102326330254,21.757930212231546,62.61772397420055
r6,post,training,endometrioma,assd_mm,26,13,27.62305545067363,7.902916971386151,0.9920495853831102,64.51008556787201,12.733286342490604,43.31021109525064
r6,post,training,endometrioma,surface_dice_2mm,26,13,0.41914019974258915,0.3952230139878596,0.0,0.8577436635484129,0.2028564076442633,0.6517680051959966
r6,post,training,endometrioma,absolute_volume_error_mm3,26,26,43717.793612610796,20038.843996712465,3771.625009872011,59486.90073080731,23209.629128880446,67375.31555377181
r6,post,internal_test,ovary,dice,6,6,0.08312882100003217,0.0,0.0,0.06233867644188014,0.0,0.22168038458148312
r6,post,internal_test,ovary,iou,6,6,0.05095204030905814,0.0,0.0,0.032520877181071356,0.0,0.13840239773558713
r6,post,internal_test,ovary,recall,6,6,0.06749306616017102,0.0,0.0,0.04540284360189573,0.0,0.1823001568796705
r6,post,internal_test,ovary,precision,6,6,0.1094339677113666,0.0,0.0,0.09942572476302497,0.0,0.2841126921283109
r6,post,internal_test,ovary,hd95_mm,6,6,45.32826080227761,50.17286037823165,29.761509028674972,57.52805808133,24.14888264484594,63.95619349738183
r6,post,internal_test,ovary,assd_mm,6,6,28.368892709540436,23.801976434484125,16.179540385170082,40.52445564513867,14.128561042214274,44.453619581629574
r6,post,internal_test,ovary,surface_dice_2mm,6,6,0.0984584740473099,0.0,0.0,0.14630756320151053,0.0,0.23034983849681387
r6,post,internal_test,ovary,absolute_volume_error_mm3,6,6,7573.72673641872,5530.864336862942,2373.8174126691397,9790.525918431471,2793.16065847798,13909.316693515146
r6,post,internal_test,uterus,dice,8,8,0.6850187056631662,0.7701749300035461,0.6152710093902051,0.8398477628654113,0.5327352191132365,0.8083754991626608
r6,post,internal_test,uterus,iou,8,8,0.557205572529471,0.6263422285400913,0.44969921790430045,0.7239162927476793,0.40270233541959327,0.6868332762086721
r6,post,internal_test,uterus,recall,8,8,0.8068280231374891,0.8291777449225601,0.7200393727991611,0.9211445674490623,0.7105826560129969,0.8927573287232538
r6,post,internal_test,uterus,precision,8,8,0.6707745868384002,0.7784838572300541,0.6391088467047096,0.8380824670116085,0.4848110623480607,0.8286414199879819
r6,post,internal_test,uterus,hd95_mm,8,8,27.56361818795427,22.249999936250177,15.401405637353797,42.40871500846083,16.7823121155192,38.61396652109575
r6,post,internal_test,uterus,assd_mm,8,8,6.769742602621431,6.171104885210736,3.156208229568798,8.399832662129542,3.854136001698396,9.950548002868967
r6,post,internal_test,uterus,surface_dice_2mm,8,8,0.5050767549477468,0.4919926508674805,0.3303067929885699,0.6742900716811767,0.36310130884115766,0.642313469341857
r6,post,internal_test,uterus,absolute_volume_error_mm3,8,8,66461.31330205768,24139.090555917144,13443.51094896371,106007.90625,23103.887931330388,118406.46799972525
r6,post,external_test,ovary,dice,68,68,0.27694439770947393,0.2799679171751368,0.0,0.5079119791943585,0.21698225266562024,0.3407404968166762
r6,post,external_test,ovary,iou,68,68,0.18991904053723052,0.16277425097831538,0.0,0.34040380883827215,0.14538815032715333,0.23872815956579493
r6,post,external_test,ovary,recall,68,68,0.26699477735667765,0.26803999519869726,0.0,0.48379801130824723,0.20844887691921374,0.32692099226493526
r6,post,external_test,ovary,precision,68,68,0.3531059469524234,0.303912856192313,0.0,0.6603073985727047,0.27321874239257965,0.43651782873317513
r6,post,external_test,ovary,hd95_mm,68,68,54.793314629496805,60.72926607129813,34.10008647610808,75.5156968147561,48.09168022150276,61.181415540779604
r6,post,external_test,ovary,assd_mm,68,68,25.091832862916863,20.135598743917257,7.404703000818937,38.73032946417399,20.469847909585315,30.179422161372297
r6,post,external_test,ovary,surface_dice_2mm,68,68,0.2648907041360543,0.24395098981918625,0.0,0.46442335295392373,0.20900816698657038,0.32510527182265997
r6,post,external_test,ovary,absolute_volume_error_mm3,68,68,8404.953841995439,4008.1786374133417,2460.8212631980496,7836.088243721188,5342.22641462373,12126.915147101852
r6,post,external_test,uterus,dice,74,74,0.7256710082846018,0.7522381437662733,0.6912565226657781,0.8047574943722525,0.692927917773326,0.7534539791422785
r6,post,external_test,uterus,iou,74,74,0.5831466596969842,0.6028699733159267,0.5281836722414616,0.6733018306009434,0.5517718095141901,0.6133589454640488
r6,post,external_test,uterus,recall,74,74,0.7046627180140507,0.7253561774424647,0.6486681586260739,0.8032612635962455,0.669047889218091,0.7391952591628188
r6,post,external_test,uterus,precision,74,74,0.7844978396418584,0.8288626100425808,0.6984522296616891,0.9023080708948537,0.7425890464010875,0.8216758295285465
r6,post,external_test,uterus,hd95_mm,74,74,16.107057946782646,12.00000005989046,8.794822182964378,18.777893570376314,13.634623957416876,18.811636011381687
r6,post,external_test,uterus,assd_mm,74,74,4.824023835497402,3.3889977010555468,2.4175849085687013,5.504872302109242,3.7729600764396594,6.3985149835747235
r6,post,external_test,uterus,surface_dice_2mm,74,74,0.5041193678735969,0.533968458446078,0.4236796007061365,0.6083825834406547,0.4702869773838386,0.5394631265726606
r6,post,external_test,uterus,absolute_volume_error_mm3,74,74,25984.825326099075,16256.760718918003,7498.386695673894,40104.294350844,20405.93593999418,32149.226549028954
r6,post,external_test,endometrioma,dice,11,11,0.18353700602664044,0.0,0.0,0.29694279976634624,0.05391074240195356,0.33320855770304625
r6,post,external_test,endometrioma,iou,11,11,0.1242451435871062,0.0,0.0,0.17606984573140577,0.03201269922389196,0.2367025940869067
r6,post,external_test,endometrioma,recall,11,11,0.2069364391473078,0.0,0.0,0.47262370994359465,0.05842535648778921,0.3722245398391267
r6,post,external_test,endometrioma,precision,11,6,0.4052941409862669,0.3824790740145268,0.18968925410625428,0.672421896706436,0.1730009556863396,0.6291447681848101
r6,post,external_test,endometrioma,hd95_mm,11,6,38.6133719632028,36.31377051059902,16.187901611929053,58.686835285534265,17.85456110515967,60.43340793828055
r6,post,external_test,endometrioma,assd_mm,11,6,18.247258207357508,12.11583526559901,6.20841044328663,18.07771754636085,6.601292903220603,35.85626441593344
r6,post,external_test,endometrioma,surface_dice_2mm,11,6,0.31778103245062383,0.32182029581193605,0.21682166625680332,0.38198228987039784,0.15205704800367734,0.4801217484758155
r6,post,external_test,endometrioma,absolute_volume_error_mm3,11,11,32034.747382729045,9265.137800852206,3255.3127295384065,46646.99003624538,8735.063270823259,61179.044045117786
r7,pre,internal_test,endometrioma,dice,9,9,0.17246476005053138,0.06816833088216322,0.042632626564954666,0.2138500509918742,0.052476261679634054,0.30850339363383983
r7,pre,internal_test,endometrioma,iou,9,9,0.10877330293367254,0.03528688962495993,0.02178059527483455,0.11972681863055683,0.027493705664852864,0.2018576435611547
r7,pre,internal_test,endometrioma,recall,9,9,0.603055445725041,0.7773995767057232,0.41161196510178644,0.9299112453106414,0.3570143039693776,0.8379850349311933
r7,pre,internal_test,endometrioma,precision,9,9,0.11207046754465634,0.03716137017900847,0.021816409855702146,0.13401781296387927,0.028416720215781663,0.20643264165837102
r7,pre,internal_test,endometrioma,hd95_mm,9,9,96.0238578500561,84.05492225947528,81.44476655193449,105.5942704414214,82.12111906698613,112.778187794517
r7,pre,internal_test,endometrioma,assd_mm,9,9,40.24274190283767,38.440581468219065,36.764129154699425,44.99798512995461,36.38268039824148,44.68457000720347
r7,pre,internal_test,endometrioma,surface_dice_2mm,9,9,0.12139150608743862,0.08612404123400486,0.07010406811731315,0.1595942519019442,0.05497071977747529,0.188587641573014
r7,pre,internal_test,endometrioma,absolute_volume_error_mm3,9,9,150234.94060304482,120298.60133047956,96425.00079320355,170592.375,100298.42604206874,204027.27807691117
r7,pre,training,ovary,dice,27,27,0.4253608719493397,0.38537662550094054,0.30574720321386595,0.5600990487770101,0.34626502549565796,0.500498296034922
r7,pre,training,ovary,iou,27,27,0.2934665197346803,0.2386789585654949,0.18046281507750073,0.38918261911634106,0.22620716625970422,0.3618156417481454
r7,pre,training,ovary,recall,27,27,0.8336679523711902,0.8504564742188505,0.7814067840536553,0.9268762971510649,0.7736273337122097,0.8789247308926783
r7,pre,training,ovary,precision,27,27,0.32105779197567064,0.26321612851747433,0.18492911883128593,0.4147000478936851,0.24439183756124108,0.4011343506776006
r7,pre,training,ovary,hd95_mm,27,27,94.72540686943218,88.3651514801381,77.53131219928615,109.40158588495274,82.82141482118263,107.92857479755476
r7,pre,training,ovary,assd_mm,27,27,35.117911999660336,38.286341423995246,20.97566476971958,46.12767749701529,29.03832278431603,41.56220550319983
r7,pre,training,ovary,surface_dice_2mm,27,27,0.34156654654815954,0.29132481885590233,0.25771932884021953,0.4417123010979146,0.27836199167321163,0.40900669105357057
r7,pre,training,ovary,absolute_volume_error_mm3,27,27,29990.86967034107,23321.999478992453,12364.000403726783,28236.376632305946,20478.25568563523,42164.57893696094
r7,pre,training,uterus,dice,29,29,0.8300118487878442,0.8472795149649831,0.8068550136538805,0.8875572706866333,0.7942655807720858,0.862239685932974
r7,pre,training,uterus,iou,29,29,0.7192096186672343,0.7350259893570338,0.6762422194177664,0.7978453607535018,0.6721498397243522,0.763876201470559
r7,pre,training,uterus,recall,29,29,0.9332824528068681,0.9333981792150734,0.9202170369108738,0.9558576422900192,0.9232699311301029,0.9427297782700548
r7,pre,training,uterus,precision,29,29,0.7575414162683175,0.7805836958319953,0.713511927599359,0.8400232820400888,0.7083518351571176,0.8042812535943986
r7,pre,training,uterus,hd95_mm,29,29,56.24623563220102,47.88788941957314,37.54047112710122,71.28291746253866,45.7583836348685,67.54425258567723
r7,pre,training,uterus,assd_mm,29,29,9.482769873733771,8.14188022809277,6.648305600477665,12.266315079640684,7.759244083358992,11.329986876309846
r7,pre,training,uterus,surface_dice_2mm,29,29,0.6723124447642156,0.69621,0.6311511392440914,0.7395972742968646,0.6344462903458988,0.7056944896971342
r7,pre,training,uterus,absolute_volume_error_mm3,29,29,42042.21534188355,36926.501400583504,22154.99967134614,55926.25617273597,32799.57552012837,52118.95370269852
r7,pre,training,endometrioma,dice,26,26,0.38418491345721173,0.34664182284073225,0.211811335527778,0.613937164557213,0.29188081579985986,0.47908143423724575
r7,pre,training,endometrioma,iou,26,26,0.2704840781574323,0.2096592893761628,0.11845224713588143,0.44334780451818057,0.19266335918452676,0.35304020218397325
r7,pre,training,endometrioma,recall,26,26,0.8891964107859075,0.9320917030550915,0.8834825299192028,0.9583327032894801,0.8122015796735615,0.933935926950477
r7,pre,training,endometrioma,precision,26,26,0.27933236398281075,0.21380309618197807,0.12062913408931789,0.4560157912514201,0.19714780588365,0.3650290575309265
r7,pre,training,endometrioma,hd95_mm,26,26,92.97287759864793,91.14382008136057,69.49681645282021,102.20089376358487,81.97060721751848,105.00879862201198
r7,pre,training,endometrioma,assd_mm,26,26,33.942147782545234,31.178611825565838,23.44423622849411,45.98225733502324,28.448483101789886,39.545183187890636
r7,pre,training,endometrioma,surface_dice_2mm,26,26,0.30640387106464867,0.2813920971718833,0.197493222365153,0.4506769310277592,0.24244529239361134,0.3752184248029969
r7,pre,training,endometrioma,absolute_volume_error_mm3,26,26,122715.38497609466,95458.37441599343,61373.43745091103,155608.47719049765,86556.00534004519,168655.29055551003
r7,pre,internal_test,ovary,dice,6,6,0.13065084429422483,0.13918317068029787,0.046722923428589434,0.21166888034854991,0.05922375452918858,0.20650626600072144
r7,pre,internal_test,ovary,iou,6,6,0.07265207728039387,0.07506276584936737,0.024285510372263272,0.11857543083378,0.031242892808661493,0.11568250483074868
r7,pre,internal_test,ovary,recall,6,6,0.17966926769229255,0.17971885208229346,0.0732190772464358,0.29284711309719846,0.08074120728800101,0.28116021181438006
r7,pre,internal_test,ovary,precision,6,6,0.11302422178741474,0.1270868109288597,0.04112769607601112,0.15948147206423285,0.04812263485255503,0.18245755755842774
r7,pre,internal_test,ovary,hd95_mm,6,6,100.13159689135098,107.45722810820767,62.904478327781405,136.73672650684276,67.13150894747058,130.17775535013408
r7,pre,internal_test,ovary,assd_mm,6,6,35.3141392346312,31.177366746791396,21.307260611039123,43.9183572799009,21.652595911100143,49.96693418880242
r7,pre,internal_test,ovary,surface_dice_2mm,6,6,0.12824994895981565,0.1514745727228976,0.061369991008073874,0.19225653865289916,0.06121903047349589,0.19445466389153926
r7,pre,internal_test,ovary,absolute_volume_error_mm3,6,6,14096.746909713716,13219.125054055887,11759.687953260005,14996.841114181358,7327.520360332722,21602.137999494946
r7,pre,internal_test,uterus,dice,8,8,0.5952961704314252,0.5823370729541391,0.5034449209055625,0.7704884372328462,0.4757619890511113,0.708551037804691
r7,pre,internal_test,uterus,iou,8,8,0.44534585604837434,0.4109327423148572,0.33642449793749635,0.6266625715455314,0.3298604754052026,0.560300879515069
r7,pre,internal_test,uterus,recall,8,8,0.7583243604070726,0.760653965912103,0.6179919672149785,0.8742870113885102,0.660981602855644,0.8552667662315445
r7,pre,internal_test,uterus,precision,8,8,0.5323685022947366,0.5558175563783203,0.4271694640227224,0.660378093878957,0.39589292857617675,0.6620714281748833
r7,pre,internal_test,uterus,hd95_mm,8,8,72.92933050915391,53.328417087702846,46.391963607817324,79.39331514579212,47.91821898836506,108.34285194217804
r7,pre,internal_test,uterus,assd_mm,8,8,15.51007522567679,14.412773261827368,12.651613140274085,17.4436233369708,11.344457239530914,20.027217979288245
r7,pre,internal_test,uterus,surface_dice_2mm,8,8,0.3539486819879898,0.3858592280624441,0.21625492922179146,0.4690238681031646,0.24060105371082224,0.45675989504405873
r7,pre,internal_test,uterus,absolute_volume_error_mm3,8,8,56368.52270912306,43581.19955172937,31298.219129061563,67270.0545352322,28609.304650330883,90444.66079014052
r7,pre,external_test,ovary,dice,68,68,0.21754046795598828,0.20143416973328843,0.10645607901184156,0.2935883951300728,0.18364792944302819,0.2497173844617309
r7,pre,external_test,ovary,iou,68,68,0.1293072332058779,0.11199834262397679,0.0562215612854299,0.17214354670463544,0.10634749563093235,0.15106302531541008
r7,pre,external_test,ovary,recall,68,68,0.4181278874819295,0.41036006389143653,0.22491349480968859,0.5741261000302084,0.36332195224440184,0.46940911345249964
r7,pre,external_test,ovary,precision,68,68,0.1673523372643556,0.1234044382201108,0.07071929837941238,0.23033036917097405,0.13528967198129696,0.20136048631082032
r7,pre,external_test,ovary,hd95_mm,68,68,102.97629596899274,92.98023591857387,77.67236851065883,122.74044964357262,94.87466920115202,111.43764898309063
r7,pre,external_test,ovary,assd_mm,68,68,42.976039103966386,42.79005647471952,30.101021396085898,54.82347068664591,38.865184680259894,47.19444874668335
r7,pre,external_test,ovary,surface_dice_2mm,68,68,0.18846379187130052,0.18220039376776906,0.12400674591987437,0.2498644155054723,0.16054679158886764,0.21497583132560905
r7,pre,external_test,ovary,absolute_volume_error_mm3,68,68,20601.792261379407,17810.93932428964,9327.589441977785,29094.576846361782,17053.794543521493,24211.52308886526
r7,pre,external_test,uterus,dice,74,74,0.6052910922601111,0.6167818599846893,0.5364491659181906,0.6881187190226989,0.5775247326712354,0.6331890757463435
r7,pre,external_test,uterus,iou,74,74,0.4447168785214463,0.4459054324221651,0.36654925915268355,0.5245511544860006,0.41694045508577543,0.473809356379825
r7,pre,external_test,uterus,recall,74,74,0.657006714147307,0.6490148903071393,0.5958483084842442,0.7664170459497741,0.6244008240856945,0.6888361277959852
r7,pre,external_test,uterus,precision,74,74,0.594063751114052,0.6066331984474217,0.4845017767634642,0.6899443386508584,0.5567028019320521,0.6312771526997467
r7,pre,external_test,uterus,hd95_mm,74,74,68.9790571680206,63.70494818301253,51.26903573147263,89.96103848526717,62.6144122064666,75.54278716689583
r7,pre,external_test,uterus,assd_mm,74,74,17.442143515174177,15.667101205201437,10.635722749960404,23.294177803789356,15.38175841185296,19.733987571336616
r7,pre,external_test,uterus,surface_dice_2mm,74,74,0.3573017299217843,0.34246272554774293,0.26422869532666404,0.42092479496603996,0.3309849873321824,0.3857267251662263
r7,pre,external_test,uterus,absolute_volume_error_mm3,74,74,29267.090285647366,19393.672259334282,9177.246230673643,45088.32626558638,23293.289732707766,35246.63967239483
r7,pre,external_test,endometrioma,dice,11,11,0.07686869709956086,0.043632470052867564,0.0014536262732204447,0.1057610059458266,0.024499734128700514,0.14755868217050758
r7,pre,external_test,endometrioma,iou,11,11,0.043237511733053575,0.022302798111787644,0.0007273687563541542,0.05587174104383624,0.01282213242229285,0.08563633415760262
r7,pre,external_test,endometrioma,recall,11,11,0.26135865767473737,0.12161383285302593,0.01867604501925947,0.4647579132112045,0.09514087766326157,0.4450408600654517
r7,pre,external_test,endometrioma,precision,11,11,0.06220076063883138,0.022577740840778446,0.0007418029153755104,0.06261369768597924,0.014145732938408446,0.13717309016034185
r7,pre,external_test,endometrioma,hd95_mm,11,11,98.23243769370832,87.23750764890909,76.31418105229187,107.68528258670892,79.7887221805658,118.78645529662481
r7,pre,external_test,endometrioma,assd_mm,11,11,48.267887145609855,48.50413132477594,31.712922300920745,57.24136198983467,36.49947411622763,60.3694577364595
r7,pre,external_test,endometrioma,surface_dice_2mm,11,11,0.05935376158042885,0.03639457510032001,0.005069743836346121,0.08647853789299935,0.02059530135278789,0.11170182191326111
r7,pre,external_test,endometrioma,absolute_volume_error_mm3,11,11,178240.7625884539,102062.98674795288,68770.68086973456,144783.60782230034,78645.32428950757,327531.44598122797
r7,post,internal_test,endometrioma,dice,9,9,0.1292782514742312,0.0,0.0,0.07367327977264032,0.008185919974737813,0.3424614444000853
r7,post,internal_test,endometrioma,iou,9,9,0.10954233461833122,0.0,0.0,0.038245474663791634,0.004249497184865737,0.3047272085313174
r7,post,internal_test,endometrioma,recall,9,9,0.11875409079817754,0.0,0.0,0.03836957759307753,0.0042632863992308374,0.3311294423162765
r7,post,internal_test,endometrioma,precision,9,4,0.8158920128689393,0.9195900575923268,0.7950199406371782,0.9404621298240882,0.5519661222535873,0.9761198587609041
r7,post,internal_test,endometrioma,hd95_mm,9,4,37.52311225481748,32.56167186094288,23.67333700396392,46.411447111796434,9.639723595816799,70.36794130769275
r7,post,internal_test,endometrioma,assd_mm,9,4,20.29477656078827,14.192069767207489,9.250454732678836,25.236391595316924,4.407777572215807,42.28448234294153
r7,post,internal_test,endometrioma,surface_dice_2mm,9,4,0.3304012461967074,0.1492943182484846,0.07869457646695467,0.40100098797823724,0.060858232873577514,0.7725058319673607
r7,post,internal_test,endometrioma,absolute_volume_error_mm3,9,9,33717.452382016425,21043.750173108398,4908.75,23899.587188590813,9951.618147777246,72584.25142399922
r7,post,training,ovary,dice,27,27,0.37173781915873727,0.3330376733112366,0.0,0.7801731045800513,0.2348922617843289,0.5229052517112401
r7,post,training,ovary,iou,27,27,0.30124460464651104,0.19978716254060716,0.0,0.6396949171791108,0.18559829258546717,0.42915154744638684
r7,post,training,ovary,recall,27,27,0.432697990724686,0.3557363661111279,0.0,0.8554605745301762,0.2720436164033058,0.5996976027564732
r7,post,training,ovary,precision,27,27,0.3545406345958807,0.21581476627348187,0.0,0.7435092223291921,0.22748456662351277,0.49875708282275205
r7,post,training,ovary,hd95_mm,27,27,43.304904942760146,49.264591930783915,12.466073531768629,61.52728946082393,32.17987348681711,54.3402347919008
r7,post,training,ovary,assd_mm,27,27,22.707309144762355,18.86978576602334,2.847039353563199,37.21335796434546,15.09256230551468,30.760618004036374
r7,post,training,ovary,surface_dice_2mm,27,27,0.35325616759819745,0.27892234548335976,0.0,0.6947235128105188,0.2222795474073575,0.4993632389813533
r7,post,training,ovary,absolute_volume_error_mm3,27,27,10284.95448615133,6470.750245428776,3310.000009647223,11262.126357673325,6361.333699842722,15124.321012960692
r7,post,training,uterus,dice,29,29,0.893454583362171,0.9073248302136823,0.8768638768638769,0.9361177290769926,0.8719939532636583,0.9124471512978828
r7,post,training,uterus,iou,29,29,0.8118715457397919,0.8303701368002329,0.780728051391863,0.8799072554003854,0.779073838444622,0.8416620389214766
r7,post,training,uterus,recall,29,29,0.9328706211142578,0.9333981792150734,0.9202170369108738,0.9558576422900192,0.9229404186097744,0.9422826805639366
r7,post,training,uterus,precision,29,29,0.8614598922831801,0.8889564682059916,0.8422220566195527,0.9220935860304681,0.828605861498119,0.8908827670233076
r7,post,training,uterus,hd95_mm,29,29,12.198863288335012,6.519202401264152,4.999999906454129,16.007811018491953,8.380458965950785,16.83500567678781
r7,post,training,uterus,assd_mm,29,29,1.954819758107973,1.4695893720880273,1.0939968658427652,2.7091875209490945,1.5176453632571227,2.478232477427506
r7,post,training,uterus,surface_dice_2mm,29,29,0.7902061291634306,0.7955412567798882,0.7487268222663547,0.8641650313502129,0.7592009949627231,0.817563694189293
r7,post,training,uterus,absolute_volume_error_mm3,29,29,16335.593046977454,14203.499682697424,6206.561762011588,21113.62520691152,11346.055046907157,22185.050222552363
r7,post,training,endometrioma,dice,26,26,0.3490651476479561,0.0,0.0,0.7409119215633271,0.19583037774434756,0.5030327167693367
r7,post,training,endometrioma,iou,26,26,0.30728852985580585,0.0,0.0,0.589679512922026,0.16745771623630776,0.45224532800699546
r7,post,training,endometrioma,recall,26,26,0.3949879834880725,0.0,0.0,0.9402786664190482,0.21815714655609197,0.5740068517584447
r7,post,training,endometrioma,precision,26,14,0.6666761059932453,0.7830560927969837,0.5089479630460535,0.9427295017653982,0.48539677948773824,0.8220203766442881
r7,post,training,endometrioma,hd95_mm,26,14,28.92263626408828,16.919232981829914,2.1531215689732717,52.552502060759856,12.979129182152823,46.483351022496336
r7,post,training,endometrioma,assd_mm,26,14,15.15490836933549,4.5727358324204,0.6826501360580868,15.394090256873092,4.478045827067739,28.666577495314478
r7,post,training,endometrioma,surface_dice_2mm,26,14,0.5783419473081564,0.5400092750337333,0.40907766409223684,0.9411277464586899,0.3901038234964069,0.7622958065546157
r7,post,training,endometrioma,absolute_volume_error_mm3,26,26,31091.423622806997,9980.874654104646,5251.312523677094,35548.49947998999,15540.38379045021,52174.14885765821
r7,post,internal_test,ovary,dice,6,6,0.1818311106041743,0.18956694560566706,0.015459733065921735,0.3350504074354105,0.06318898186855569,0.30408406981014197
r7,post,internal_test,ovary,iou,6,6,0.10894181570087975,0.11023420824064634,0.007976495515916034,0.20128278604633268,0.036744736080215445,0.18396564012792274
r7,post,internal_test,ovary,recall,6,6,0.1418780711873929,0.141143159366688,0.010229067930489732,0.26117671404691056,0.047047719788896,0.24103244204237764
r7,post,internal_test,ovary,precision,6,6,0.26423146469676895,0.2596915112542524,0.03163783836607056,0.44538720628733075,0.0865638370847508,0.4558519297191044
r7,post,internal_test,ovary,hd95_mm,6,6,42.31909922754347,43.877289539851084,14.990858879808306,68.6413556067534,20.909799230877855,62.89513464344942
r7,post,internal_test,ovary,assd_mm,6,6,21.989328583618143,18.336900337809155,5.754588295665703,38.82494687079608,9.054396982888452,34.92426018434783
r7,post,internal_test,ovary,surface_dice_2mm,6,6,0.20936964534442193,0.25749144746282043,0.041700457092303155,0.3644474530602808,0.08583048248760682,0.33266573853168424
r7,post,internal_test,ovary,absolute_volume_error_mm3,6,6,9021.32085258551,6227.4375,3174.9126748606345,10149.530948037114,3272.732043746693,16765.508415200136
r7,post,internal_test,uterus,dice,8,8,0.665288850522542,0.6369035223292873,0.5984946114965659,0.8407431539883874,0.5250528761379687,0.7911394481723258
r7,post,internal_test,uterus,iou,8,8,0.529707991154446,0.46731280036771494,0.42725700925704985,0.7257842207724138,0.38574041012528215,0.6737680249391487
r7,post,internal_test,uterus,recall,8,8,0.7148468082686099,0.7086254234937038,0.5507120180404262,0.8742870113885102,0.5908456074088192,0.8411944766947347
r7,post,internal_test,uterus,precision,8,8,0.7089819862582327,0.7879225180524765,0.6885210018628243,0.8565420565542293,0.5383856343363612,0.8357842276129426
r7,post,internal_test,uterus,hd95_mm,8,8,15.925450996798638,15.600557024850868,9.186559750095013,19.704062413477512,10.608205988195905,21.949594754021422
r7,post,internal_test,uterus,assd_mm,8,8,5.663403819926866,5.227972796978726,2.4403652654537966,8.004879046566966,3.1543249225879197,8.319427869454955
r7,post,internal_test,uterus,surface_dice_2mm,8,8,0.43144763302380895,0.4488407686316713,0.24573263900379239,0.5664401147176239,0.28853317548891705,0.5879129210539706
r7,post,internal_test,uterus,absolute_volume_error_mm3,8,8,39018.89627014432,16637.075609717416,9248.464704771004,50974.625,12227.600413704204,76621.48347723937
r7,post,external_test,ovary,dice,68,68,0.18768147316863756,0.0027050308184749365,0.0,0.40337875492117137,0.13029251984126625,0.24867450728607998
r7,post,external_test,ovary,iou,68,68,0.12743042210383027,0.0013546717023834973,0.0,0.2527964285714286,0.08648987457868981,0.17147412888035068
r7,post,external_test,ovary,recall,68,68,0.1984564546116365,0.00173867766367697,0.0,0.3964204668403407,0.13784071788813354,0.2627395421269657
r7,post,external_test,ovary,precision,68,68,0.23688070561581984,0.005350045167118338,0.0,0.4207332026869458,0.16287810212876058,0.3144408537629929
r7,post,external_test,ovary,hd95_mm,68,68,57.214751927571704,61.256453396477426,41.90371091556155,74.98109881923304,50.852470749904015,64.06506492364481
r7,post,external_test,ovary,assd_mm,68,68,30.754674213477475,29.821766358680776,16.45211358351927,38.735571962911536,25.806359331998983,35.94984136283326
r7,post,external_test,ovary,surface_dice_2mm,68,68,0.18568918775944832,0.00636386323933117,0.0,0.3281738163116163,0.13050050187647158,0.24524962642743087
r7,post,external_test,ovary,absolute_volume_error_mm3,68,68,8288.221497679433,4776.465591427697,3025.8878176650683,8945.067935931715,5863.218344553804,11181.700362282838
r7,post,external_test,uterus,dice,74,74,0.6922413952927383,0.7315776318982791,0.6423570893987779,0.7874761543440558,0.6549191213494505,0.7265925698886299
r7,post,external_test,uterus,iou,74,74,0.5476596118108442,0.5767636799256841,0.47314311233658557,0.6495046622642597,0.5120097446194791,0.5826046630282934
r7,post,external_test,uterus,recall,74,74,0.6383544970482042,0.6459635691991188,0.5909227459258499,0.7544680921171137,0.5979646358245533,0.676284166314245
r7,post,external_test,uterus,precision,74,74,0.8106820532205123,0.8683837547199365,0.7303594588959541,0.9468297782802519,0.7653007061130589,0.8513256734243766
r7,post,external_test,uterus,hd95_mm,74,74,18.275606872597987,12.000000314688272,7.642741245446448,21.57018178723574,14.204575851265309,23.027110955066405
r7,post,external_test,uterus,assd_mm,74,74,6.558694718362474,3.665257806276424,2.477712838466614,6.336865152617058,4.370176978110691,10.188803574134925
r7,post,external_test,uterus,surface_dice_2mm,74,74,0.46567222326807634,0.45745004529942834,0.34125664395398136,0.5891876143640319,0.4292807176857865,0.5010053437498629
r7,post,external_test,uterus,absolute_volume_error_mm3,74,74,33837.55158196133,24400.634505971702,11833.093487850525,42420.43758661265,26638.723240404044,42305.338895479144
r7,post,external_test,endometrioma,dice,11,11,0.14482291095688027,0.0,0.0,0.20660055004583716,0.0,0.30622199029934616
r7,post,external_test,endometrioma,iou,11,11,0.10264640363512491,0.0,0.0,0.13019957983193278,0.0,0.23078843924078424
r7,post,external_test,endometrioma,recall,11,11,0.10988097542166676,0.0,0.0,0.13342303552206675,0.0,0.24664691482814066
r7,post,external_test,endometrioma,precision,11,4,0.6624159340815731,0.8672829571258629,0.6459709379128138,0.8837279532946222,0.21831783259199353,0.9016470125268625
r7,post,external_test,endometrioma,hd95_mm,11,4,28.781969100918836,23.999999501052145,14.999999462966933,37.78196913900405,11.999999631932399,50.34590789728116
r7,post,external_test,endometrioma,assd_mm,11,4,14.721457954501481,8.094329664409972,5.414662018049572,17.40112560086188,3.650739922667582,32.419304276426885
r7,post,external_test,endometrioma,surface_dice_2mm,11,4,0.37970298569944044,0.4092088623318638,0.2618378530279612,0.527073995003343,0.11732514682327816,0.6125749479431793
r7,post,external_test,endometrioma,absolute_volume_error_mm3,11,11,33393.451512237945,18356.094256931476,4372.662630471857,64171.14104125338,16408.62718381426,53403.341155702714
