model,cohort,class,metric,n,pre_mean,post_mean,mean_change,change_ci_low,change_ci_high
baseline,external_test,endometrioma,dice,11,0.07787259728780808,0.10649260757050515,0.028620010282697065,-0.10107277524657256,0.186819291505114
baseline,external_test,endometrioma,iou,11,0.04247563314636842,0.0761738172828481,0.03369818413647967,-0.05546343113345926,0.14622306111350133
baseline,external_test,endometrioma,recall,11,0.31504460481736896,0.13790414098276585,-0.17714046383460308,-0.26923258584939225,-0.09071667140922014
baseline,external_test,endometrioma,precision,5,0.09597359453721817,0.24686984207021662,0.15089624753299846,-0.16414283103542865,0.5278314210392833
baseline,external_test,endometrioma,hd95_mm,5,132.93813444220999,45.65323758111282,-87.28489686109717,-131.17688244620098,-46.174595927895176
baseline,external_test,ovary,dice,68,0.10355816776521144,0.21695016219432323,0.11339199442911177,0.06409809199768954,0.1663288387466507
baseline,external_test,ovary,iou,68,0.05698372368381429,0.14951768467685464,0.0925339609930403,0.054816521191175686,0.13416343614035198
baseline,external_test,ovary,recall,68,0.2988166188915704,0.1983265482171589,-0.1004900706744115,-0.14723732558733374,-0.05861603633603847
baseline,external_test,ovary,precision,68,0.06685355872978667,0.2885358442570455,0.22168228552725883,0.1524115472739588,0.2923268491716973
baseline,external_test,ovary,hd95_mm,68,123.49590489561388,63.47431239546225,-60.021592500151606,-69.70015500030675,-51.17025328798017
baseline,external_test,uterus,dice,74,0.4171924037906417,0.507484043203295,0.0902916394126533,0.052559326520255474,0.12372369986986241
baseline,external_test,uterus,iou,74,0.2740073478711065,0.3731095597899679,0.09910221191886139,0.06866611416622176,0.12873385972864856
baseline,external_test,uterus,recall,74,0.6255480096025697,0.5509625248196767,-0.07458548478289295,-0.11515850804818342,-0.040482525148379134
baseline,external_test,uterus,precision,74,0.33426971285594465,0.5219532273612973,0.18768351450535273,0.14152948686453456,0.23099349367888508
baseline,external_test,uterus,hd95_mm,74,95.08757967493318,38.295430168456875,-56.79214950647631,-63.47854329974349,-49.31286883287204
baseline,internal_test,endometrioma,dice,9,0.13358111419958113,0.012587854862237456,-0.12099325933734367,-0.2371645474406802,-0.0257842866700059
baseline,internal_test,endometrioma,iou,9,0.07892606454442597,0.006671857090334999,-0.07225420745409097,-0.1472995217247736,-0.013039782754852092
baseline,internal_test,endometrioma,recall,9,0.5938978310701781,0.0066937889883374015,-0.5872040420818406,-0.8012976234765221,-0.3638222330864953
baseline,internal_test,endometrioma,precision,5,0.03632667603832847,0.1896516393442623,0.15332496330593384,-0.044887423697686724,0.5346714335337119
baseline,internal_test,endometrioma,hd95_mm,5,103.06976991660403,42.48018166973369,-60.589588246870335,-80.22952681584772,-41.47109076610276
baseline,internal_test,ovary,dice,6,0.048647416796918135,0.06410537684276062,0.015457960045842494,-0.020129850017584362,0.057931048641179025
baseline,internal_test,ovary,iou,6,0.025579230394959462,0.035644213950391156,0.010064983555431692,-0.010231860938329866,0.03510552493337781
baseline,internal_test,ovary,recall,6,0.14365026705907294,0.10573135294631719,-0.037918914112755754,-0.08368573990688806,-0.005879135903746241
baseline,internal_test,ovary,precision,5,0.036087000471051255,0.06940693166202261,0.03331993119097136,-0.005873883578808144,0.07432159066464475
baseline,internal_test,ovary,hd95_mm,5,126.9571815168968,52.52322988868557,-74.43395162821125,-109.91678376344058,-39.50344746668932
baseline,internal_test,uterus,dice,8,0.43984470141841153,0.5416521696030611,0.10180746818464956,-0.034435283972981005,0.22013737731351907
baseline,internal_test,uterus,iou,8,0.2957299936974762,0.4221098555389111,0.12637986184143485,0.013162428742614163,0.23361445975501866
baseline,internal_test,uterus,recall,8,0.7787465778816067,0.6977304410400682,-0.08101613684153869,-0.21008684750947157,-5.800087233304163e-06
baseline,internal_test,uterus,precision,8,0.3271140565519709,0.5043346331861351,0.1772205766341643,0.03872195156520371,0.2995121042528082
baseline,internal_test,uterus,hd95_mm,8,105.26499028967137,43.97386238866457,-61.29112790100681,-90.85323290615815,-33.039905118673985
baseline,training,endometrioma,dice,26,0.2883189081235697,0.2658513041696336,-0.02246760395393608,-0.1507410324924114,0.1091417414846479
baseline,training,endometrioma,iou,26,0.18912652540889077,0.23584590890460644,0.0467193834957157,-0.06940010661148668,0.16804286606367846
baseline,training,endometrioma,recall,26,0.7943742379641162,0.25445002695609603,-0.5399242110080202,-0.6873375914616451,-0.3923456288377785
baseline,training,endometrioma,precision,16,0.2406378970361203,0.5268990228857563,0.2862611258496359,0.11770305184366212,0.46078447339909273
baseline,training,endometrioma,hd95_mm,16,115.00922622709362,38.23463564235054,-76.77459058474307,-97.30726843308103,-57.21713268734774
baseline,training,ovary,dice,27,0.16932646117287817,0.21973459555175545,0.050408134378877326,-0.040102065254120516,0.13896607474675857
baseline,training,ovary,iou,27,0.10001448712844956,0.15255229943886855,0.05253781231041898,-0.014087931643535974,0.12403620602962487
baseline,training,ovary,recall,27,0.47840474655617093,0.22678388817979853,-0.2516208583763723,-0.35546249645732475,-0.150781091236974
baseline,training,ovary,precision,27,0.11796053991465773,0.28060422169135335,0.16264368177669566,0.058894946468671466,0.27118651683358724
baseline,training,ovary,hd95_mm,27,129.0793751158851,55.42131727516715,-73.65805784071796,-86.84905360473228,-60.12916562347164
baseline,training,uterus,dice,29,0.656104479799917,0.7987508764981849,0.14264639669826765,0.11251145341390655,0.17426747515345567
baseline,training,uterus,iou,29,0.5055602559386795,0.6734671173526047,0.16790686141392522,0.13658966529363528,0.19997193666408483
baseline,training,uterus,recall,29,0.8917988024276824,0.8903935754825534,-0.0014052269451288897,-0.0031660909692917275,-8.99153021160293e-06
baseline,training,uterus,precision,29,0.5385734513722581,0.7373688208725191,0.1987953695002609,0.16018700006474212,0.24043951997700133
baseline,training,uterus,hd95_mm,29,82.22468469325439,22.132451485490783,-60.09223320776361,-70.76394359642674,-50.44255342014741
r6,external_test,endometrioma,dice,11,0.14341428600429607,0.18353700602664044,0.04012272002234438,-0.1530728717628484,0.22171451670688624
r6,external_test,endometrioma,iou,11,0.08831430469259398,0.12424514358710623,0.035930838894512235,-0.10068649606411544,0.16992815738502057
r6,external_test,endometrioma,recall,11,0.4185779178558566,0.20693643914730783,-0.21164147870854882,-0.42181180261262574,-0.05205695071623153
r6,external_test,endometrioma,precision,6,0.05566097856072646,0.40529414098626687,0.34963316242554043,0.13030793449355482,0.5955795713073766
r6,external_test,endometrioma,hd95_mm,6,98.93535152896817,38.6133719632028,-60.32197956576537,-84.22646728318712,-38.626002767732395
r6,external_test,ovary,dice,68,0.15125399100672285,0.27694439770947393,0.12569040670275103,0.07664586602609863,0.17572173664989096
r6,external_test,ovary,iou,68,0.0860662730974647,0.1899190405372305,0.1038527674397658,0.06815482559328304,0.14187305288168625
r6,external_test,ovary,recall,68,0.3704522868083431,0.26699477735667765,-0.10345750945166544,-0.15557028651345414,-0.05680562421192841
r6,external_test,ovary,precision,68,0.10428640268439891,0.35310594695242337,0.2488195442680245,0.1739829731547918,0.32548144491737035
r6,external_test,ovary,hd95_mm,68,108.49385868153003,54.7933146294968,-53.70054405203325,-62.6887766300413,-44.40004989843901
r6,external_test,uterus,dice,74,0.6448932942598983,0.725671008284602,0.08077771402470355,0.06304498596694699,0.09686865564758694
r6,external_test,uterus,iou,74,0.48620124219063093,0.5831466596969842,0.09694541750635322,0.08009531620060702,0.11283962265734997
r6,external_test,uterus,recall,74,0.7154874257656885,0.7046627180140506,-0.010824707751637906,-0.029468957909597325,-0.00021735518560859096
r6,external_test,uterus,precision,74,0.6184787597009641,0.7844978396418584,0.16601907994089435,0.14229473728648445,0.19000905147469013
r6,external_test,uterus,hd95_mm,74,66.6215339241831,16.107057946782646,-50.51447597740046,-55.786603870353645,-45.399598709806305
r6,internal_test,endometrioma,dice,9,0.22473708071894669,0.32814827957822995,0.10341119885928324,-0.21669873473130022,0.4145712073016065
r6,internal_test,endometrioma,iou,9,0.14526725538991098,0.263584265636285,0.11831701024637398,-0.15743158452630654,0.3853561694699628
r6,internal_test,endometrioma,recall,9,0.6651754838118769,0.35715550837327875,-0.30801997543859794,-0.579493864099001,-0.09068022821865472
r6,internal_test,endometrioma,precision,6,0.08734773380980325,0.5325540473789956,0.4452063135691923,0.09237460434742306,0.7401163539499439
r6,internal_test,endometrioma,hd95_mm,6,88.19846803631187,22.737134657851062,-65.46133337846082,-85.75711829085118,-43.63831651238923
r6,internal_test,ovary,dice,6,0.11723812498640153,0.08312882100003217,-0.034109303986369355,-0.1441687450809673,0.09097314840786479
r6,internal_test,ovary,iou,6,0.0638260815033972,0.05095204030905814,-0.01287404119433907,-0.0791595888101103,0.06686775087142098
r6,internal_test,ovary,recall,6,0.27371358778628124,0.06749306616017102,-0.20622052162611026,-0.3700441168801958,-0.05998003928482085
r6,internal_test,ovary,precision,6,0.07808465483520395,0.1094339677113666,0.03134931287616264,-0.08997273594950929,0.19491628534453254
r6,internal_test,ovary,hd95_mm,6,107.25190105361666,45.32826080227761,-61.923640251339044,-101.94793182564013,-27.81758599997407
r6,internal_test,uterus,dice,8,0.5778735506686985,0.6850187056631662,0.10714515499446786,0.06020843692935346,0.16114011030381076
r6,internal_test,uterus,iou,8,0.43473312170512796,0.557205572529471,0.12247245082434308,0.07102491420731699,0.18139232043162506
r6,internal_test,uterus,recall,8,0.806901391555765,0.8068280231374892,-7.336841827582097e-05,-0.0002201052548274629,0.0
r6,internal_test,uterus,precision,8,0.48955096230904704,0.6707745868384002,0.18122362452935312,0.09529100676250823,0.28919232046611
r6,internal_test,uterus,hd95_mm,8,89.59365544402735,27.563618187954265,-62.03003725607307,-96.29102567322904,-32.73051995186715
r6,training,endometrioma,dice,26,0.40943813832284365,0.22542493198106672,-0.18401320634177706,-0.34435823656757997,-0.008726679914410226
r6,training,endometrioma,iou,26,0.2888618637001041,0.19909799924684995,-0.08976386445325411,-0.23148146998949345,0.06539766566518392
r6,training,endometrioma,recall,26,0.9021695719253079,0.24969769343803427,-0.6524718784872736,-0.7965178913853033,-0.47852579086902225
r6,training,endometrioma,precision,13,0.30887093386835374,0.49356539675753397,0.1846944628891802,-0.048362778627599905,0.41014132456415886
r6,training,endometrioma,hd95_mm,13,84.27308268603423,42.06953115413341,-42.20355153190083,-63.08548554307725,-23.341689037696217
r6,training,ovary,dice,27,0.4327913359265217,0.4291908625390332,-0.0036004733874885177,-0.12424416725967254,0.1118983813230749
r6,training,ovary,iou,27,0.3000160547364493,0.3479403800026946,0.04792432526624535,-0.05397629558947557,0.1487564509789705
r6,training,ovary,recall,27,0.8613701697723442,0.5292403817830728,-0.3321297879892714,-0.4773830264304671,-0.19111768475326332
r6,training,ovary,precision,27,0.32141183750427066,0.40203905515391053,0.08062721764963987,-0.0321852405172344,0.18925731444696328
r6,training,ovary,hd95_mm,27,104.46270957054939,48.76395616025945,-55.698753410289946,-71.08955135524009,-42.822646575629506
r6,training,uterus,dice,29,0.8239294231770471,0.8919563159516011,0.06802689277455395,0.04730727403924237,0.09148242049879982
r6,training,uterus,iou,29,0.7113764528908173,0.8116971383224091,0.1003206854315916,0.07157030387193934,0.1307448162853763
r6,training,uterus,recall,29,0.9368293867031092,0.9361680400300382,-0.00066134667307097,-0.001863467455223064,0.0
r6,training,uterus,precision,29,0.7456729184995313,0.8595929828326137,0.11392006433308223,0.08019832907823801,0.15017491974190386
r6,training,uterus,hd95_mm,29,57.4811946282292,12.07827421015479,-45.402920418074416,-55.73805635306518,-36.22332879007873
r7,external_test,endometrioma,dice,11,0.07686869709956085,0.14482291095688027,0.06795421385731944,-0.04658114206475445,0.2141281126722155
r7,external_test,endometrioma,iou,11,0.04323751173305357,0.10264640363512491,0.059408891902071354,-0.023254021090252812,0.17283632654192865
r7,external_test,endometrioma,recall,11,0.2613586576747374,0.10988097542166676,-0.15147768225307068,-0.32934336025606564,-0.020111019865327418
r7,external_test,endometrioma,precision,4,0.13486628138224405,0.662415934081573,0.527549652699329,0.17209957332268355,0.8393467264981637
r7,external_test,endometrioma,hd95_mm,4,93.12574575748502,28.781969100918836,-64.34377665656618,-130.02289573154354,-23.708784838326764
r7,external_test,ovary,dice,68,0.2175404679559883,0.1876814731686376,-0.029858994787350716,-0.0914498400714413,0.029267866646790194
r7,external_test,ovary,iou,68,0.12930723320587786,0.12743042210383027,-0.0018768111020475823,-0.04594323949415708,0.04098474072864611
r7,external_test,ovary,recall,68,0.41812788748192964,0.1984564546116365,-0.21967143287029312,-0.28553735351323495,-0.1573059097534873
r7,external_test,ovary,precision,68,0.16735233726435556,0.2368807056158199,0.06952836835146427,-0.003786090131739166,0.15078792268101351
r7,external_test,ovary,hd95_mm,68,102.97629596899274,57.2147519275717,-45.76154404142103,-55.70056728838787,-36.882071889864015
r7,external_test,uterus,dice,74,0.6052910922601111,0.6922413952927384,0.0869503030326273,0.06025726576906014,0.11003993852470421
r7,external_test,uterus,iou,74,0.4447168785214463,0.5476596118108441,0.10294273328939774,0.07840407015547422,0.12475814031295544
r7,external_test,uterus,recall,74,0.657006714147307,0.6383544970482042,-0.01865221709910282,-0.045685225381839493,-0.0025364268451164873
r7,external_test,uterus,precision,74,0.594063751114052,0.8106820532205123,0.21661830210646044,0.18154101614158216,0.25118906044386424
r7,external_test,uterus,hd95_mm,74,68.9790571680206,18.275606872597987,-50.70345029542262,-58.01434538037728,-43.23894787041614
r7,internal_test,endometrioma,dice,9,0.17246476005053138,0.1292782514742312,-0.04318650857630016,-0.27596651499444363,0.22846590380510376
r7,internal_test,endometrioma,iou,9,0.10877330293367254,0.10954233461833122,0.0007690316846586895,-0.18316442129881183,0.23879877071239958
r7,internal_test,endometrioma,recall,9,0.603055445725041,0.11875409079817754,-0.48430135492686344,-0.7387869759031912,-0.23403750542984392
r7,internal_test,endometrioma,precision,4,0.12456195808694384,0.8158920128689394,0.6913300547819956,0.444781376961411,0.9051181924951096
r7,internal_test,endometrioma,hd95_mm,4,106.46246399416236,37.52311225481748,-68.93935173934489,-92.6352097134781,-49.59455378698301
r7,internal_test,ovary,dice,6,0.13065084429422483,0.1818311106041743,0.051180266309949485,-0.009375090918686987,0.11727252657157222
r7,internal_test,ovary,iou,6,0.07265207728039387,0.10894181570087974,0.03628973842048588,-0.0028947692859113672,0.07983828517573571
r7,internal_test,ovary,recall,6,0.17966926769229255,0.14187807118739287,-0.037791196504899684,-0.07410191958526681,-0.008457082675092154
r7,internal_test,ovary,precision,6,0.11302422178741472,0.2642314646967689,0.1512072429093542,0.037818786454060595,0.28261304120007197
r7,internal_test,ovary,hd95_mm,6,100.13159689135101,42.31909922754347,-57.81249766380753,-87.61335732203048,-25.381405457710073
r7,internal_test,uterus,dice,8,0.5952961704314252,0.665288850522542,0.0699926800911168,0.031241110889305108,0.11237545655509225
r7,internal_test,uterus,iou,8,0.44534585604837434,0.529707991154446,0.08436213510607166,0.03600812187276292,0.13645335912317183
r7,internal_test,uterus,recall,8,0.7583243604070726,0.7148468082686098,-0.043477552138462876,-0.10677937111773894,0.0
r7,internal_test,uterus,precision,8,0.5323685022947366,0.7089819862582327,0.17661348396349602,0.09345973973117778,0.2680322544089354
r7,internal_test,uterus,hd95_mm,8,72.92933050915391,15.925450996798638,-57.003879512355276,-92.0563197776388,-29.310092672489418
r7,training,endometrioma,dice,26,0.38418491345721173,0.3490651476479562,-0.035119765809255556,-0.17689255209528562,0.10365964543242659
r7,training,endometrioma,iou,26,0.2704840781574323,0.30728852985580585,0.036804451698373555,-0.08766260293840898,0.1612199345181458
r7,training,endometrioma,recall,26,0.8891964107859075,0.3949879834880725,-0.49420842729783493,-0.6632886128650316,-0.3193320504823687
r7,training,endometrioma,precision,14,0.36590591197041905,0.6666761059932453,0.3007701940228263,0.14344666727109923,0.43809137441884244
r7,training,endometrioma,hd95_mm,14,95.73643461912535,28.922636264088283,-66.81379835503706,-89.25232198040612,-42.71691062380502
r7,training,ovary,dice,27,0.4253608719493397,0.3717378191587372,-0.05362305279060245,-0.21166175057422146,0.10997006624429741
r7,training,ovary,iou,27,0.29346651973468024,0.30124460464651104,0.007778084911830734,-0.12260179270515535,0.14332884127991388
r7,training,ovary,recall,27,0.8336679523711903,0.432697990724686,-0.40096996164650434,-0.5649887732611454,-0.23813665120339422
r7,training,ovary,precision,27,0.3210577919756706,0.3545406345958807,0.03348284262021011,-0.10761549048359215,0.18290377631410912
r7,training,ovary,hd95_mm,27,94.72540686943218,43.304904942760146,-51.42050192667203,-63.2790884024738,-39.96968535342548
r7,training,uterus,dice,29,0.8300118487878442,0.8934545833621708,0.06344273457432668,0.045443941839066915,0.08651626408571947
r7,training,uterus,iou,29,0.7192096186672344,0.8118715457397921,0.09266192707255773,0.06981243254158173,0.12103733006722245
r7,training,uterus,recall,29,0.9332824528068681,0.9328706211142578,-0.00041183169261037946,-0.0012222615037346923,0.0
r7,training,uterus,precision,29,0.7575414162683176,0.8614598922831802,0.10391847601486251,0.0782698830808878,0.13576008551990582
r7,training,uterus,hd95_mm,29,56.24623563220102,12.198863288335012,-44.04737234386601,-55.699985143110915,-32.84750349106342
